Biomass,Glucose,RTime
4.2616854,0.07510287,0.0
4.9816527,0.55075943,0.55
5.998402,0.530549,1.12
6.914468,0.42863262,1.59
8.3334875,0.283339,2.29
9.628442,0.44163048,2.82
10.816079,0.4693107,3.29
12.038058,0.3752077,3.75
13.033303,0.31753102,4.12
14.137711,0.47430927,4.49
15.155462,0.7183718,4.77
17.018215,0.22994143,5.27
