Biomass,Glucose,RTime
4.2275596,0.009791208,0.0
5.011882,0.4290196,0.55
6.086204,0.3447122,1.12
7.0343347,0.2728347,1.59
8.53086,0.18341982,2.29
9.990457,0.31640267,2.82
11.430662,0.28440103,3.29
12.863267,0.2346621,3.75
14.017764,0.19867721,4.12
15.242115,0.29651362,4.49
16.289703,0.41405585,4.77
18.211918,0.12642038,5.27
