Biomass,Glucose,RTime
4.189722,0.07663745,0.0
5.0015683,0.32506368,0.55
6.0321956,0.24773026,1.12
6.929369,0.19134271,1.59
8.566737,0.14728759,2.29
9.9607935,0.22437637,2.82
11.24009,0.20941114,3.29
12.560645,0.17455138,3.75
13.626877,0.15035585,4.12
14.808563,0.25069064,4.49
16.01204,0.332736,4.77
18.10456,0.09781365,5.27
