Biomass,Glucose,RTime
4.247697,0.05093136,0.0
4.958696,0.15364422,0.55
5.7108536,0.123413056,1.12
6.2828097,0.10621488,1.59
7.0551996,0.089770615,2.29
7.750677,0.17821798,2.82
8.603124,0.15269311,3.29
9.438446,0.13087614,3.75
10.111093,0.11800021,4.12
10.88564,0.20053151,4.49
11.644417,0.25678512,4.77
12.940849,0.06975174,5.27
