Biomass,Glucose,RTime
4.2062607,0.03868095,0.0
5.0266256,0.30014032,0.55
6.074802,0.21972856,1.12
7.020182,0.18303737,1.59
8.574115,0.1223253,2.29
9.908799,0.21465024,2.82
11.235981,0.19020936,3.29
12.529093,0.15893516,3.75
13.569845,0.13887668,4.12
14.748848,0.22827503,4.49
15.871406,0.28933677,4.77
17.823742,0.08619418,5.27
