Biomass,Glucose,RTime
4.2620406,0.09282865,0.0
5.0089936,0.15174502,0.55
5.8301206,0.12460736,1.12
6.4922733,0.10773864,1.59
7.405775,0.08570812,2.29
8.2289505,0.16439413,2.82
9.188255,0.14194375,3.29
10.125594,0.12134729,3.75
10.878994,0.10908403,4.12
11.647448,0.17079249,4.49
12.260612,0.22364788,4.77
13.399246,0.0678408,5.27
