Biomass,Glucose,RTime
4.16864,0.018777087,0.0
4.96931,0.40037924,0.55
6.025087,0.3220256,1.12
6.9769816,0.24321054,1.59
8.797049,0.20037152,2.29
10.377277,0.25851208,2.82
11.870984,0.23706533,3.29
13.3357315,0.18704705,3.75
14.574682,0.1718293,4.12
16.023224,0.27718145,4.49
17.38687,0.35390282,4.77
19.71852,0.10630752,5.27
