Biomass,Glucose,RTime
4.1706123,0.05713574,0.0
4.98886,0.40518978,0.55
6.089301,0.30793732,1.12
7.0478096,0.23902038,1.59
8.617917,0.16815177,2.29
10.052873,0.3028001,2.82
11.683785,0.25599355,3.29
13.2832775,0.20838496,3.75
14.572393,0.1714232,4.12
16.02426,0.26925078,4.49
17.392536,0.3568893,4.77
19.721445,0.10421593,5.27
