Biomass,Glucose,RTime
4.2194796,0.030853624,0.0
4.870927,0.17441721,0.55
5.529282,0.1479503,1.12
6.0372696,0.13061965,1.59
6.7797484,0.109871835,2.29
7.512358,0.22115901,2.82
8.36755,0.1893241,3.29
9.215626,0.1596051,3.75
9.889298,0.1436001,4.12
10.610726,0.23491763,4.49
11.3837595,0.31590018,4.77
12.72596,0.08954987,5.27
