Biomass,Glucose,RTime
4.2404704,0.112365864,0.0
4.9254956,0.14470485,0.55
5.6336384,0.116096854,1.12
6.1220627,0.10317928,1.59
6.8246965,0.087585635,2.29
7.54675,0.1768684,2.82
8.376115,0.14963014,3.29
9.18499,0.12845807,3.75
9.836917,0.11592947,4.12
10.569325,0.1942075,4.49
11.270984,0.2506953,4.77
12.519289,0.069235206,5.27
