Biomass,Glucose,RTime
4.179538,0.021948747,0.0
4.9639783,0.33897117,0.55
5.973007,0.2611629,1.12
6.763785,0.19512409,1.59
8.86019,0.20716915,2.29
10.551466,0.2062591,2.82
12.048427,0.18978536,3.29
13.511255,0.16733313,3.75
14.687879,0.14927384,4.12
15.925381,0.21316558,4.49
16.893518,0.27222276,4.77
18.691404,0.093150534,5.27
