Protein,RTime
134.75436,0.0
144.11983,0.5
150.64864,1.0
147.54411,1.5
130.97575,2.0
105.553116,2.5
73.8076,3.0
43.689384,3.5
25.342436,4.0
17.96914,4.5
13.161396,5.0
8.854714,5.5
5.715319,6.0
4.0244274,6.5
3.0748756,7.0
3.0351057,7.5
2.995336,8.0
2.9555666,8.5
2.9157977,9.0
2.8760276,9.5
2.8363461,10.0
2.5527802,10.5
2.1965656,11.0
1.8402008,11.5
1.4831681,12.0
