Protein,RTime
134.34087,0.0
148.89386,0.5
162.05573,1.0
168.87263,1.5
167.5984,2.0
163.34502,2.5
155.69722,3.0
144.51125,3.5
128.17157,4.0
108.2924,4.5
86.05668,5.0
62.864597,5.5
42.701607,6.0
26.855251,6.5
17.808598,7.0
12.942992,7.5
9.341336,8.0
6.2338305,8.5
4.1903405,9.0
3.4199808,9.5
3.0325468,10.0
2.645114,10.5
2.2576797,11.0
1.8702469,11.5
1.4828138,12.0
