Protein,RTime
0.9042904,0.0
1.1609508,0.5
1.4588785,1.0
1.7259401,1.5
1.927286,2.0
2.0912373,2.5
2.2385654,3.0
2.378165,3.5
2.5136833,4.0
2.6373825,4.5
2.7368546,5.0
2.812968,5.5
2.8817544,6.0
2.9278436,6.5
2.9345126,7.0
2.9413564,7.5
2.9482703,8.0
2.9551842,8.5
2.9620984,9.0
2.9690123,9.5
2.9759257,10.0
2.9993544,10.5
3.0771825,11.0
3.1555533,11.5
3.2346685,12.0
