Protein,RTime
1.5857011,0.0
1.834847,0.5
2.0995767,1.0
2.3298762,1.5
2.5323527,2.0
2.707287,2.5
2.853981,3.0
2.9744966,3.5
3.0827963,4.0
3.1459053,4.5
3.1658928,5.0
3.1745906,5.5
3.151231,6.0
3.1060593,6.5
3.0559347,7.0
2.9869165,7.5
2.909168,8.0
2.831361,8.5
2.744786,9.0
2.644099,9.5
2.5217497,10.0
2.39217,10.5
2.2625902,11.0
2.1330101,11.5
2.0034304,12.0
