Protein,RTime
1.1832851,0.0
1.4305182,0.5
1.7085283,1.0
1.9358764,1.5
2.1622586,2.0
2.359462,2.5
2.546879,3.0
2.7342958,3.5
2.9217126,4.0
3.1091297,4.5
3.2768707,5.0
3.4007838,5.5
3.527503,6.0
3.6611598,6.5
3.7981586,7.0
3.9351575,7.5
4.0720096,8.0
4.208516,8.5
4.349879,9.0
4.4953666,9.5
4.641584,10.0
4.7878146,10.5
4.934052,11.0
5.0813303,11.5
5.2294393,12.0
