Protein,RTime
3.0254838,0.0
3.6958354,0.5
4.3995295,1.0
4.9596667,1.5
5.2978663,2.0
5.4695807,2.5
5.576228,3.0
5.647004,3.5
5.6772485,4.0
5.6812725,4.5
5.6253552,5.0
5.4977813,5.5
5.287815,6.0
5.049352,6.5
4.8060975,7.0
4.561422,7.5
4.2985964,8.0
3.9648058,8.5
3.630418,9.0
3.295921,9.5
2.9585383,10.0
2.6088288,10.5
2.2591197,11.0
1.9094123,11.5
1.5597034,12.0
