Protein,RTime
37.246143,0.0
28.659132,0.5
10.896584,1.0
2.361041,1.5
1.6323792,2.0
1.9730042,2.5
2.4133673,3.0
2.8537307,3.5
3.1612377,4.0
3.3172023,4.5
3.4613395,5.0
3.6030347,5.5
3.7785413,6.0
3.9538956,6.5
4.1553936,7.0
4.367165,7.5
4.603012,8.0
4.838874,8.5
5.0751195,9.0
5.311535,9.5
5.5489755,10.0
5.788023,10.5
6.0270834,11.0
6.267651,11.5
6.509649,12.0
