Protein,RTime
0.8335972,0.0
1.0209883,0.5
1.2443235,1.0
1.4574461,1.5
1.6577622,2.0
1.839347,2.5
2.0091088,3.0
2.1676745,3.5
2.31293,4.0
2.4315417,4.5
2.5439973,5.0
2.6494265,5.5
2.737852,6.0
2.8226163,6.5
2.907118,7.0
2.9853065,7.5
2.9649417,8.0
2.9445772,8.5
2.9251914,9.0
2.9316912,9.5
2.9423041,10.0
2.9644094,10.5
2.9876719,11.0
3.0125031,11.5
3.0420666,12.0
