Protein,RTime
0.031759795,0.0
0.2488567,0.5
0.61761457,1.0
1.0381281,1.5
1.4586419,2.0
1.4984664,2.5
1.3890717,3.0
1.2975558,3.5
1.2177479,4.0
1.1656574,4.5
1.1354936,5.0
1.0935057,5.5
1.0506351,6.0
1.0082676,6.5
0.9674776,7.0
0.93105835,7.5
0.90837324,8.0
0.8857668,8.5
0.8632306,9.0
0.84072053,9.5
0.8182169,10.0
0.79575354,10.5
0.77333283,11.0
0.75091153,11.5
0.7284904,12.0
