Protein,RTime
124.119064,0.0
136.92285,0.5
143.95361,1.0
134.26715,1.5
102.46001,2.0
63.941326,2.5
31.582817,3.0
12.345646,3.5
4.769168,4.0
3.332911,4.5
3.2078736,5.0
3.1387553,5.5
3.0696373,6.0
3.000519,6.5
2.9314003,7.0
2.862237,7.5
2.79329,8.0
2.7242482,8.5
2.379713,9.0
2.0340781,9.5
1.6417607,10.0
1.2494029,10.5
0.87139475,11.0
0.49206537,11.5
0.14944154,12.0
