Protein,RTime
1.0624056,0.0
1.319424,0.5
1.616662,1.0
1.895734,1.5
2.14748,2.0
2.37199,2.5
2.5809784,3.0
2.7732902,3.5
2.9450858,4.0
3.0726452,4.5
3.148263,5.0
3.1069903,5.5
3.065718,6.0
3.0275035,6.5
3.0128632,7.0
3.015143,7.5
3.0358598,8.0
3.0669136,8.5
3.1001308,9.0
3.133002,9.5
3.165873,10.0
3.2025435,10.5
3.2439418,11.0
3.285865,11.5
3.3276787,12.0
