Protein,RTime
0.018442445,0.0
0.38714156,0.5
0.7610573,1.0
1.0149753,1.5
1.2216048,2.0
0.9204358,2.5
0.09023645,3.0
-0.48699412,3.5
-0.86230165,4.0
-1.0933422,4.5
-1.2466943,5.0
-1.4044411,5.5
-1.5623298,6.0
-1.7195691,6.5
-1.8786964,7.0
-2.057715,7.5
-2.2564323,8.0
-2.4666326,8.5
-2.6774633,9.0
-2.887419,9.5
-3.0988812,10.0
-3.3112633,10.5
-3.524238,11.0
-3.736823,11.5
-3.9479117,12.0
