Protein,RTime
1.0266796,0.0
1.4290107,0.5
1.8689529,1.0
2.2026806,1.5
2.4460213,2.0
2.5979185,2.5
2.72902,3.0
2.8454962,3.5
2.9596891,4.0
3.0578272,4.5
3.0962396,5.0
3.0805278,5.5
3.0648153,6.0
3.0496259,6.5
3.0420613,7.0
3.1112695,7.5
3.2434115,8.0
3.3818045,8.5
3.5252314,9.0
3.6700187,9.5
3.8158646,10.0
3.9617872,10.5
4.107723,11.0
4.253495,11.5
4.399267,12.0
