Protein,RTime
0.035910636,0.0
0.23684417,0.5
0.60978097,1.0
1.046552,1.5
1.4699801,2.0
1.9022089,2.5
2.3175137,3.0
2.7370706,3.5
3.177068,4.0
3.6208756,4.5
4.0607486,5.0
4.5029025,5.5
4.93548,6.0
5.396837,6.5
5.882562,7.0
6.36806,7.5
6.8537035,8.0
7.3221216,8.5
7.7859597,9.0
8.249997,9.5
8.714379,10.0
9.177861,10.5
9.64325,11.0
10.10885,11.5
10.574365,12.0
