Protein,RTime
0.42143273,0.0
0.62059003,0.5
0.9236135,1.0
1.2990488,1.5
1.675946,2.0
2.0433216,2.5
2.390451,3.0
2.7375805,3.5
3.0847101,4.0
3.4318395,4.5
3.7840726,5.0
4.156749,5.5
4.5300183,6.0
4.904033,6.5
5.2802973,7.0
5.6564493,7.5
6.0326037,8.0
6.408758,8.5
6.7849116,9.0
7.1618385,9.5
7.541315,10.0
7.921203,10.5
8.301409,11.0
8.681324,11.5
9.061214,12.0
